{
  "project_info": {
    "project_number": "612283794348",
    "firebase_url": "https://rent-a-men.firebaseio.com",
    "project_id": "rent-a-men",
    "storage_bucket": "rent-a-men.appspot.com"
  },
  "client": [
    {
      "client_info": {
        "mobilesdk_app_id": "1:612283794348:android:bcd7d4e3632d88a8",
        "android_client_info": {
          "package_name": "com.enuarmartinez.proyectofinal"
        }
      },
      "oauth_client": [
        {
          "client_id": "612283794348-prk7m0krr0qt58ns5lbti1358k9i3nnc.apps.googleusercontent.com",
          "client_type": 1,
          "android_info": {
            "package_name": "com.enuarmartinez.proyectofinal",
            "certificate_hash": "26314a63f8a09acd5387dd697612e79afdfa7fad"
          }
        },
        {
          "client_id": "612283794348-0qltfhsjl86q8lb9gr73ilbcif83mpug.apps.googleusercontent.com",
          "client_type": 3
        }
      ],
      "api_key": [
        {
          "current_key": "AIzaSyDbj7A0beZVrp-BJiKtAenvrFBxaGBDeuc"
        }
      ],
      "services": {
        "appinvite_service": {
          "other_platform_oauth_client": [
            {
              "client_id": "612283794348-0qltfhsjl86q8lb9gr73ilbcif83mpug.apps.googleusercontent.com",
              "client_type": 3
            }
          ]
        }
      }
    }
  ],
  "configuration_version": "1"
}